date_day,date_key,year,month,month_name,quarter,week_start_date
2026-01-08,20260108,2026,1,January,Q1,2026-01-05
2026-01-09,20260109,2026,1,January,Q1,2026-01-05
2026-01-15,20260115,2026,1,January,Q1,2026-01-12
2026-01-16,20260116,2026,1,January,Q1,2026-01-12
2026-01-19,20260119,2026,1,January,Q1,2026-01-19
2026-01-22,20260122,2026,1,January,Q1,2026-01-19
2026-01-23,20260123,2026,1,January,Q1,2026-01-19
2026-01-24,20260124,2026,1,January,Q1,2026-01-19
2026-01-27,20260127,2026,1,January,Q1,2026-01-26
2026-01-28,20260128,2026,1,January,Q1,2026-01-26
2026-01-30,20260130,2026,1,January,Q1,2026-01-26
2026-01-31,20260131,2026,1,January,Q1,2026-01-26
2026-02-01,20260201,2026,2,February,Q1,2026-01-26
2026-02-02,20260202,2026,2,February,Q1,2026-02-02
2026-02-03,20260203,2026,2,February,Q1,2026-02-02
2026-02-04,20260204,2026,2,February,Q1,2026-02-02
2026-02-05,20260205,2026,2,February,Q1,2026-02-02
2026-02-07,20260207,2026,2,February,Q1,2026-02-02
2026-02-10,20260210,2026,2,February,Q1,2026-02-09
2026-02-12,20260212,2026,2,February,Q1,2026-02-09
2026-02-17,20260217,2026,2,February,Q1,2026-02-16
2026-02-18,20260218,2026,2,February,Q1,2026-02-16
2026-02-19,20260219,2026,2,February,Q1,2026-02-16
2026-02-22,20260222,2026,2,February,Q1,2026-02-16
2026-02-28,20260228,2026,2,February,Q1,2026-02-23
2026-03-01,20260301,2026,3,March,Q1,2026-02-23
2026-03-02,20260302,2026,3,March,Q1,2026-03-02
2026-03-03,20260303,2026,3,March,Q1,2026-03-02
2026-03-05,20260305,2026,3,March,Q1,2026-03-02
2026-03-06,20260306,2026,3,March,Q1,2026-03-02
2026-03-07,20260307,2026,3,March,Q1,2026-03-02
2026-03-08,20260308,2026,3,March,Q1,2026-03-02
2026-03-10,20260310,2026,3,March,Q1,2026-03-09
2026-03-11,20260311,2026,3,March,Q1,2026-03-09
2026-03-14,20260314,2026,3,March,Q1,2026-03-09
2026-03-23,20260323,2026,3,March,Q1,2026-03-23
2026-03-24,20260324,2026,3,March,Q1,2026-03-23
2026-03-25,20260325,2026,3,March,Q1,2026-03-23
2026-03-29,20260329,2026,3,March,Q1,2026-03-23
2026-03-31,20260331,2026,3,March,Q1,2026-03-30
2026-04-01,20260401,2026,4,April,Q2,2026-03-30
2026-04-02,20260402,2026,4,April,Q2,2026-03-30
2026-04-03,20260403,2026,4,April,Q2,2026-03-30
2026-04-04,20260404,2026,4,April,Q2,2026-03-30
2026-04-05,20260405,2026,4,April,Q2,2026-03-30
2026-04-06,20260406,2026,4,April,Q2,2026-04-06
2026-04-08,20260408,2026,4,April,Q2,2026-04-06
2026-04-11,20260411,2026,4,April,Q2,2026-04-06
2026-04-14,20260414,2026,4,April,Q2,2026-04-13
2026-04-15,20260415,2026,4,April,Q2,2026-04-13
